{
    "rmse": 0.7817215378254311,
    "mae": 0.6378696139974113,
    "r2": 0.04287373734372957
}