{
    "rmse": 0.7867319605018135,
    "mae": 0.6425040185773662,
    "r2": 0.030565068454040834
}